Item Code,Item Name,Is Active,Principal,Brand,UOM,Purchase Weight,Transportation Cost
6301111001,Shaloot Noodle Coconut 55g (1x30pcs),Active,The Taste Origins,Shaloot,30,1.6,850
6301111002,Shaloot Noodle Tom Yum 55g (1x30pcs),Active,The Taste Origins,Shaloot,30,1.6,850
6301111003,Shaloot Noodle Chicken Sichat 52g (1x30pcs),Active,The Taste Origins,Shaloot,30,1.5,850
0201112028,Ensure Gold (Wheat) 380g (1x24Pcs),Active,Abbott,Ensure,24,11.92,850
0201112029,Ensure Gold StrengthPro (Vanilla) 380g (1x24Pcs),Active,Abbott,Ensure,24,11.92,850
0201112030,Ensure Gold StrengthPro (Vanilla) 800g (1x12pcs),Active,Abbott,Ensure,12,12.24,850
0203112012,Glucerna Powder (Vanilla) 400g (1x24Pcs),Active,Abbott,Glucerna,24,12.4,850
1221101010,Active GSM TP 2000,Active,MPT,Top-up,1,0.01,850
6201111001,Ayeyarwaddy Peanut Oil 0.25Viss (1x12),Active,Nutripure,Ayeyarwaddy,12,5,850
6201111002,Ayeyarwaddy Peanut Oil 0.5Viss (1x12),Active,Nutripure,Ayeyarwaddy,12,10.1,850
6201111003,Ayeyarwaddy Peanut Oil 1Viss (1x10),Active,Nutripure,Ayeyarwaddy,10,18,850
6201111004,Ayeyarwaddy Peanut Oil 2Viss (1x6),Active,Nutripure,Ayeyarwaddy,6,21.1,850
6201111005,Ayeyarwaddy Peanut Oil 3Viss (1x4),Active,Nutripure,Ayeyarwaddy,4,21,850
5600000002,Omi Korean Yam Chips Prawn Tomato 35g - MT Pack (1x12pack),Active,Omi Snack,Omi,12,4.5,1000
5600000003,Omi Korean Yam Chips Honey Butter Tomato 35g - MT Pack (1x12pack),Active,Omi Snack,Omi,12,4.5,1000
5601111002,Omi Korean Yam Chips Prawn Tomato 35g (1x10pcsx12pack),Active,Omi Snack,Omi,120,4.5,1000
5601111003,Omi Korean Yam Chips Honey Butter Tomato 35g (1x10pcsx12pack),Active,Omi Snack,Omi,120,4.5,1000
6101111001,Premium Bonito Dashi 150g (1x60Pcs),Active,Xiamen,Premium Dashi,60,13,850
6101111002,Premium Bonito Dashi 1Kg (1x12Pcs),Active,Xiamen,Premium Dashi,12,14,850
6101111003,Premium Kombu Dashi 150g (1x60Pcs),Active,Xiamen,Premium Dashi,60,13,850
6101111004,Premium Kombu Dashi 1Kg (1x12Pcs),Active,Xiamen,Premium Dashi,12,14,850
3401111010,Maymyo Fresh Classic 20's 500g (1x30Pack),Active,MayMyo Fresh Coffee,Maymyo Fresh,30,16.44,850
3401111006,Maymyo Fresh Brown 20's 500g (1x30Pack),Active,MayMyo Fresh Coffee,Maymyo Fresh,30,16.44,850
3401111007,Maymyo Fresh Brown 5's 120g (1x120Pack),Active,MayMyo Fresh Coffee,Maymyo Fresh,120,16.28,850
3401111008,Maymyo Fresh Classic 5's 120g (1x120Pack),Active,MayMyo Fresh Coffee,Maymyo Fresh,120,16.28,850
3401111009,Maymyo Fresh Classic Plus 10's 260g (1x40Pack),Active,MayMyo Fresh Coffee,Maymyo Fresh,40,11.44,850
4501111008,Excel Care Dish Washing Liquid Lemon 2Liter (1x6 pcs),Active,Glamdust,Excel Care,6,13.72,850
3200000009,May Yee Mon Chicken Congee 25g (1x20 packs) MT pack,Active,Ya Thar Taw Win,May Yee Mon,20,5.5,850
6001111003,Mr. Shine Liq Detergent Fresh Blossom 35ml (1x24pcsx10packs),Active,Myat HtarNi,Mr. Shine,10,9.2,850
0201112027,Ensure Non-HMB Vanilla 380gm (1x24Pcs),Active,Abbott,Ensure,24,11.92,850
5001121001,May Kha Lar Mango Toffee 125g (1x6pcsx32packs),Active,CMP Fruits Garden,May Kha Lar,192,25,850
5001121002,May Kha Lar Lemon Toffee 125g (1x6pcsx32packs),Active,CMP Fruits Garden,May Kha Lar,192,25,850
5001121003,May Kha Lar Plum with Ginger Toffee 125g (1x6pcsx32packs),Active,CMP Fruits Garden,May Kha Lar,192,25,850
5001121004,May Kha Lar Tamarind Toffee 125g (1x6pcsx32packs),Active,CMP Fruits Garden,May Kha Lar,192,25,850
5001121005,May Kha Lar Mixed Fruit Toffee 125g (1x6pcsx32packs),Active,CMP Fruits Garden,May Kha Lar,192,25,850
3200000008,May Yee Mon Chicken Congee 25g - MT Pack (1x10x20packs),Active,Ya Thar Taw Win,May Yee Mon,200,5.5,850
4000000005,Moshi Potato Chips BBQ Spicy 65g (1x6packs) - MT Pack,Active,Honesty,Moshi,6,3.95,1000
4000000006,Moshi Potato Chips BBQ Original 65g (1x6packs) - MT Pack,Active,Honesty,Moshi,6,3.95,1000
4000000007,Moshi Potato Chips BBQ Prawn 65g (1x6packs) - MT Pack,Active,Honesty,Moshi,6,3.95,1000
4501111007,Excel Care Dish Washing Liquid Lemon 2Liter with Toilet Cleaner 575ml (1x4pcs),Active,Glamdust,Excel Care,4,11.3,850
4501111006,Excel Care Dish Washing Liquid Lemon 2Liter with Toilet Cleaner 575ml (1x5pcs),Active,Glamdust,Excel Care,5,12,850
6001111002,Mr. Shine Liq Detergent Fresh Blossom 35ml (1x24pcsx20packs),Active,Myat HtarNi,Mr. Shine,20,18,850
3202211002,May Yee Mon Chicken Congee 25g (1x10x20packs),Active,Ya Thar Taw Win,May Yee Mon,200,5.5,850
0300000073,Brand's Berry Essence Concentrate 1.5oz (FOC) (1x1pcs),Active,Suntory Beverage,BBE,1,0.14,850
0300000074,Brand's Prune Essence Concentrate 1.5oz (FOC) (1x1Pcs),Active,Suntory Beverage,BPE,1,0.14,850
4000000003,Moshi Potato Chips Original 38g - MT Pack (1x12packs),Active,Honesty,Moshi,12,4.68,1000
4000000004,Moshi Potato Chips Spicy 38g - MT Pack (1x12packs),Active,Honesty,Moshi,12,4.68,1000
3202211001,May Yee Mon Chicken Congee 25g (1x10x15packs),Active,Ya Thar Taw Win,May Yee Mon,150,4,850
4201111009,Phwer Htwe Pickeld Tea Leaves Classic 36g (1x10x30),Active,Constellation,Phwer Htwe,30,11.8,850
4501122002,Excel Care Tile & Marble Shampoo 1000ml (1x15),Active,Glamdust,Excel Care,15,15,850
4501122003,Excel Care Lime Scale Remover 5000ml (1x4pcs),Active,Glamdust,Excel Care,4,20,850
4501151003,Excel Care Oven Cleaner 5000ml (1x4pcs),Active,Glamdust,Excel Care,4,20,850
5001111031,May Kha Lar Preserved Mango Wet Spicy 80g (1x35),Active,CMP Fruits Garden,May Kha Lar,35,14,850
5001111032,May Kha Lar Preserved Dried Plum Seedless Spicy 85g (1x35),Active,CMP Fruits Garden,May Kha Lar,35,15,850
5001111033,May Kha Lar Preserved Special Steamed Plum 70g (1x35),Active,CMP Fruits Garden,May Kha Lar,35,13,850
5001111034,May Kha Lar Preserved Plum Seedless Spicy Wet 100g (1x35),Active,CMP Fruits Garden,May Kha Lar,35,18,850
5001111035,May Kha Lar Preserved Plum Seedless Sweet Wet 100g (1x35),Active,CMP Fruits Garden,May Kha Lar,35,18,850
5001111036,May Kha Lar Preserved Special Marian Spicy 35g (1x35),Active,CMP Fruits Garden,May Kha Lar,35,6,850
5001111037,May Kha Lar Preserved Golden Papaya 50g (1x35),Active,CMP Fruits Garden,May Kha Lar,35,9,850
5001111038,May Kha Lar Preserved Damson Original 110g (1x20),Active,CMP Fruits Garden,May Kha Lar,20,11,850
5001111039,May Kha Lar Preserved Mixed Fruits 60g (1x35),Active,CMP Fruits Garden,May Kha Lar,35,11,850
4501131009,Excel Care Acidic Toilet Cleaner Colorless 1000ml (3x5pcs) on pack,Active,Glamdust,Excel Care,5,9,850
4501131010,Excel Care Acidic Toilet Cleaner Magic Clean 1000ml (3x5pcs) on pack,Active,Glamdust,Excel Care,5,9,850
4501122001,Excel Care Tile & Marble Shampoo 5000ml (1x4),Active,Glamdust,Excel Care,4,20,850
3102111005,O'MaMa Mango Yogurt Cake Rusk 65g (1x72),Active,O'Ma Ma,O'MaMa,72,6.2,850
4800000007,Pai Prawn Cracker 17g - MT Pack (1x12packs),Active,Htoo Kaung Myat,Pai Snack,12,3.1,1000
4801111005,Pai Prawn Cracker 17g (1x10pcsx12packs),Active,Htoo Kaung Myat,Pai Snack,120,3.1,1000
4501121003,Excel Care Disinfected Surface Cleaner Lavender 5000ml (1x4pcs),Active,Glamdust,Excel Care,4,20,850
4501121004,Excel Care Disinfected Surface Cleaner Pine 5000ml (1x4pcs),Active,Glamdust,Excel Care,4,20,850
4501141002,Excel Care Floor Cleaner Green Apple 5000ml (1x4pcs),Active,Glamdust,Excel Care,4,20,850
4501131007,Excel Care Acidic Toilet Cleaner Colorless 5000ml (1x4pcs),Active,Glamdust,Excel Care,4,20,850
4501131008,Excel Care Acidic Toilet Cleaner Magic Clean 5000ml (1x4pcs),Active,Glamdust,Excel Care,4,20,850
5100000001,Zann Sunflower Seeds Salty 90g On Pack (1x5x23pcs),Active,Royal Fantastic,Zann,23,12.3,850
5100000002,Zann Sunflower Seeds Salty 60g on pack (1x5x40Pcs),Active,Royal Fantastic,Zann,40,12,850
5001111022,May Kha Lar Preserved Plum Seedless Sweet Wet 100g (1x5x35) on pack,Active,CMP Fruits Garden,May Kha Lar,35,18,850
5001111023,May Kha Lar Preserved Plum Seedless Spicy Wet 100g (1x5x35) on pack,Active,CMP Fruits Garden,May Kha Lar,35,18,850
5001111024,May Kha Lar Preserved Special Steamed Plum 70g (1x5x35) on pack,Active,CMP Fruits Garden,May Kha Lar,35,13,850
5001111025,May Kha Lar Preserved Dried Plum Seedless Spicy 85g (1x5x35) on pack,Active,CMP Fruits Garden,May Kha Lar,35,15,850
5001111026,May Kha Lar Preserved Mango Spicy Wet 80g (1x5x35) on pack,Active,CMP Fruits Garden,May Kha Lar,35,14,850
5001111027,May Kha Lar Preserved Golden Papaya 50g (1x5x35) on pack,Active,CMP Fruits Garden,May Kha Lar,35,9,850
5001111028,May Kha Lar Preserved Special Marian Spicy 35g (1x5x35) on pack,Active,CMP Fruits Garden,May Kha Lar,35,6,850
5001111029,May Kha Lar Preserved Mixed Fruits 60g (1x5x35) on pack,Active,CMP Fruits Garden,May Kha Lar,35,11,850
5001111020,May Kha Lar Preserved Mixed Fruits 60g (1x5x35),Active,CMP Fruits Garden,May Kha Lar,175,11,850
5001111021,May Kha Lar Preserved Golden Papaya 50g (1x5x35),Active,CMP Fruits Garden,May Kha Lar,175,9,850
5001111013,May Kha Lar Preserved Plum Seedless Sweet Wet 100g (1x5x35),Active,CMP Fruits Garden,May Kha Lar,175,18,850
5001111014,May Kha Lar Preserved Plum Seedless Spicy Wet 100g (1x5x35),Active,CMP Fruits Garden,May Kha Lar,175,18,850
5001111015,May Kha Lar Preserved Mango Spicy Wet 80g (1x5x35),Active,CMP Fruits Garden,May Kha Lar,175,14,850
5001111016,May Kha Lar Preserved Dried Plum Seedless Spicy 85g (1x5x35),Active,CMP Fruits Garden,May Kha Lar,175,15,850
5001111017,May Kha Lar Preserved Special Steamed Plum 70g (1x5x35),Active,CMP Fruits Garden,May Kha Lar,175,13,850
5001111018,May Kha Lar Preserved Special Marian Spicy 35g (1x5x35),Active,CMP Fruits Garden,May Kha Lar,175,6,850
4800000005,Pai Cheese Ball 10g - MT Pack (1x10x20 packs),Active,Htoo Kaung Myat,Pai Snack,20,2,1000
4800000006,Pai Cheese Ring 10g - MT Pack (1x10x20 packs),Active,Htoo Kaung Myat,Pai Snack,20,2,1000
4800000003,Pai Cheese Ring 35g - MT Pack (1x10pcsx12packs),Active,Htoo Kaung Myat,Pai Snack,12,5.2,1000
4800000004,Pai Cheese Ball 35g - MT Pack (1x10pcsx12packs),Active,Htoo Kaung Myat,Pai Snack,12,5.2,1000
5600000001,Omi Korean Yam Chips BBQ 30g - MT Pack (1x10pcsx12pack),Active,Omi Snack,Omi,12,4,1000
3200000004,May Yee Mon Fish Sauce 50g-MT Pack (1x20packs),Active,Ya Thar Taw Win,May Yee Mon,20,5,850
3200000005,May Yee Mon Marine Fish Paste 50g-MT Pack (1x20Packs),Active,Ya Thar Taw Win,May Yee Mon,20,5,850
3200000006,May Yee Mon Rakhine Fish Paste 50g- MT Pack (1x20packs),Active,Ya Thar Taw Win,May Yee Mon,20,5,850
3200000007,May Yee Mon Tamarind Fish Paste 50g-MT Pack(1x20Packs),Active,Ya Thar Taw Win,May Yee Mon,20,5,850
4501131005,Excel Care Lime Scale Remover 1000ml (1x15pcs),Active,Glamdust,Excel Care,15,15,850
4501131006,Excel Care Lime Scale Remover 575ml (1x20pcs),Active,Glamdust,Excel Care,20,12,850
4501151001,Excel Care Oven Cleaner 1000ml (1x15pcs),Active,Glamdust,Excel Care,15,15,850
4501151002,Excel Care Oven Cleaner 575ml (1x20 pcs),Active,Glamdust,Excel Care,20,12,850
4501161001,Excel Care Glass Cleaner 500ml (1x24pcs),Active,Glamdust,Excel Care,24,12,850
5801111009,Wai Phyo Black Eyed Fried Bean (1x20x20pack),Active,Wai Phyoe Food,Wai Phyoe,20,16,850
4201111007,Phwer Htwe Pickled Tea Spicy 30g (1x30 Streamer),Active,Constellation,Phwer Htwe,30,9.5,850
5700000001,Ah Phwar Lay Paprika Powder 32g FOC,Active,New A1 Family,Ah Phwar Lay,1,12,850
5701111004,Ah Phwar Lay Chilli Flake 32g (1x20x18pack) with hanger,Active,New A1 Family,Ah Phwar Lay,18,12,850
5701111005,Ah Phwar Lay Paprika Powder 32g (1x20x18pack) with hanger,Active,New A1 Family,Ah Phwar Lay,18,12,850
5701111006,Ah Phwar Lay Roasted Chilli Powder 32g (1x20x18pack) with hanger,Active,New A1 Family,Ah Phwar Lay,18,12,850
5801111001,Wai Phyoe Fried Lab Lab Bean 80g (1x10x20pack),Active,Wai Phyoe Food,Wai Phyoe,20,16,850
5801111002,Wai Phyoe Assorted Fried Bean 80g (1x10x20pack),Active,Wai Phyoe Food,Wai Phyoe,20,16,850
5801111003,Wai Phyoe Fried Lab Lab Bean Special 80g (1x10x20pack),Active,Wai Phyoe Food,Wai Phyoe,20,16,850
5801111004,Wai Phyoe Fried Lab Lab Bean 160g (1x10x10pack),Active,Wai Phyoe Food,Wai Phyoe,100,16,850
5801111005,Wai Phyoe Assorted Fried Bean 160g (1x10x10pack),Active,Wai Phyoe Food,Wai Phyoe,100,16,850
5801111006,Wai Phyoe Fried Lab Lab Bean Special 160g (1x10x10pack),Active,Wai Phyoe Food,Wai Phyoe,100,16,850
5801111007,Wai Phyoe Assorted Fried Bean 400g (1x100pack),Active,Wai Phyoe Food,Wai Phyoe,100,40,850
5801111008,Wai Phyoe Assorted Fried Bean Special 400g (1x100pack),Active,Wai Phyoe Food,Wai Phyoe,100,40,850
5701111001,Ah Phwar Lay Chilli Flake 32g (1x20x18pack),Active,New A1 Family,Ah Phwar Lay,18,12,850
5701111002,Ah Phwar Lay Paprika Powder 32g (1x20x18pack),Active,New A1 Family,Ah Phwar Lay,18,12,850
5701111003,Ah Phwar Lay Roasted Chilli Powder 32g (1x20x18pack),Active,New A1 Family,Ah Phwar Lay,18,12,850
3202111004,May Yee Mon Tamarind Fish Paste (1x5x20 packs),Active,Ya Thar Taw Win,May Yee Mon,100,5,850
4201111006,Phwer Htwe Pickled Tea with Fish Paste (1x30streamers),Active,Constellation,Phwer Htwe,30,9,850
4901112001,Danuphyu Daw Saw Yee Fish Paste Sauce 473g Pack (1 x 10 packs),Active,Danuphyu Daw Saw Yee,Danuphyu Daw Saw Yee,10,5.27,850
4801111003,Pai Cheese Ring 35g (1x10pcsx12packs),Active,Htoo Kaung Myat,Pai Snack,120,5.2,1000
4801111004,Pai Cheese Ball 35g (1x10pcsx12packs),Active,Htoo Kaung Myat,Pai Snack,120,5.2,1000
4501131004,Excel Care Acidic Toilet Cleaner Colorless 575ml (1x24pcs),Active,Glamdust,Excel Care,24,14.9,850
5001111012,May Kha Lar Preserved Fruits Special Steamed Plum Spicy 35g (1x5x50),Active,CMP Fruits Garden,May Kha Lar,250,9,850
5001111010,May Kha Lar Preserved Fruits Dried Plum Seedless Spicy 45g (1x5x50),Active,CMP Fruits Garden,May Kha Lar,250,11,850
5001111011,May Kha Lar Preserved Fruits Golden Papaya Spicy 35g (1x5x50),Active,CMP Fruits Garden,May Kha Lar,250,9,850
4501131001,Excel Care Acidic Toilet Cleaner Colorless 1000ml (1x15pcs),Active,Glamdust,Excel Care,15,9,850
4501131002,Excel Care Acidic Toilet Cleaner Magic Clean 1000ml (1x15pcs),Active,Glamdust,Excel Care,15,9,850
4501131003,Excel Care Acidic Toilet Cleaner Magic Clean 575ml (1x24pcs),Active,Glamdust,Excel Care,24,14.9,850
4501121001,Excel Care Disinfected Surface Cleaner Pine 1100ml (1x10pcs),Active,Glamdust,Excel Care,10,6.2,850
4501121002,Excel Care Disinfected Surface Cleaner Levender 1100ml (1x10pcs),Active,Glamdust,Excel Care,10,6.2,850
4501141001,Excel Care Floor Cleaner Green Apple 1100ml (1x10pcs),Active,Glamdust,Excel Care,10,6.2,850
4201111005,Phwer Htwe Pickled Tea with Fried Bean Spicy 90g (1x5packsx16),Active,Constellation,Phwer Htwe,80,8.2,850
5601111001,Omi Korean Yam Chips BBQ 30g (1x10pcsx12pack),Active,Omi Snack,Omi,120,4,1000
5501111001,Sweety Curry Powder 60g (1x10x15pack),Active,Diamond And Sweety,Sweety,150,9.4,850
5501112001,Sweety Curry Powder 10g (1x10x60 streamer),Active,Diamond And Sweety,Sweety,60,6.6,850
5501112002,Sweety Curry Powder 10g (1x20x30 pack) with hanger,Active,Diamond And Sweety,Sweety,30,7,850
5501113001,Sweety Curry Powder 100g (1x12x4 pack),Active,Diamond And Sweety,Sweety,48,5,850
5101111003,Zann Sunflower Seeds Salty 60g (1x200pcs),Active,Royal Fantastic,Zann,200,12,850
5101111004,Zann Sunflower Seeds Salty 90g (1x115pcs),Active,Royal Fantastic,Zann,115,12.13,850
3200000001,May Yee Mon Rakhine Fish Paste 50g -MT Pack (1x5x20packs),Active,Ya Thar Taw Win,May Yee Mon,100,5,850
3200000002,May Yee Mon Marine Fish Paste 50g-MT Pack (1x5x20packs),Active,Ya Thar Taw Win,May Yee Mon,100,5,850
3200000003,May Yee Mon Fish Sauce 50g-MT Pack (1x5x20packs),Active,Ya Thar Taw Win,May Yee Mon,100,5,850
5301111007,Aurora Preserved YawThaMa Salad (1x5x140),Active,Aurora,Aurora Preserved Fruits,700,25,850
5301111008,Aurora Preserved Plum Sweet Wet (1x5x140),Active,Aurora,Aurora Preserved Fruits,700,22,850
5301111009,Aurora Preserved Mango Slice Sweet Wet (1x5x140),Active,Aurora,Aurora Preserved Fruits,700,22,850
5301111010,Aurora Preserved Mango Sweet Wet (1x5x140),Active,Aurora,Aurora Preserved Fruits,700,22,850
4601112002,Vita Health MV Ener-G (3x10capx72x216pcs),Active,Vita Health,Vita Health,216,6.8,850
4601311006,Vita Health Garlic Oil (3x10capx158x474pcs),Active,Vita Health,Vita Health,474,6.9,850
4601311007,Vita Health Flaxseed Oil (3x10capx158x474pcs),Active,Vita Health,Vita Health,474,6.8,850
4601311008,Vita Health Fish Oil (3x10capx158x474pcs),Active,Vita Health,Vita Health,474,6.8,850
4601311009,Vita Health Almond Oil (3x10capx158x474pcs),Active,Vita Health,Vita Health,474,6.5,850
4601311010,Vita Health Co-Enzyme Q10 (10x10capx100x1000pcs),Active,Vita Health,Vita Health,"1,000",6.5,850
4900000001,Danuphyu Daw Saw Yee Balachaung 500g TDG On-Pack ( 1 x 10 packs),Active,Danuphyu Daw Saw Yee,Danuphyu Daw Saw Yee,10,6,850
4900000002,Danuphyu Daw Saw Yee Pounded Fish Paste 500g TDG On-Pack (1x9 packs),Active,Danuphyu Daw Saw Yee,Danuphyu Daw Saw Yee,9,5.4,850
4800000001,Pai Cheese Ring 10g - MT Pack (10pcsx20packs),Active,Htoo Kaung Myat,Pai Snack,200,2,1000
4800000002,Pai Cheese Ball 10g - MT Pack (10pcsx20packs),Active,Htoo Kaung Myat,Pai Snack,200,2,1000
5001111006,May Kha Lar Preserved Marian Spicy 40g (1x5x50pack),Active,CMP Fruits Garden,May Kha Lar,250,10,850
5001111007,May Kha Lar Preserved Mango Slices Spicy 40g (1x5x50pack),Active,CMP Fruits Garden,May Kha Lar,250,10,850
5001111008,May Kha Lar Preserved Plum Seedless Sweet 65g (1x5x50pack),Active,CMP Fruits Garden,May Kha Lar,250,16.25,850
5001111009,May Kha Lar Preserved Plum Seedless Spicy 65g (1x5x50pack),Active,CMP Fruits Garden,May Kha Lar,250,16.25,850
4201111004,Phwer Htwe Pickled Tea Spicy 35g 5s on pack (5x60packs),Active,Constellation,Phwer Htwe,60,14,850
4201111003,Phwer Htwe Pickled Tea Spicy 35g (1x10packsx30),Active,Constellation,Phwer Htwe,300,13.5,850
5401111001,Coffee Cherry 3 in 1 instant brew coffee 20g 10pcs (1x25bags),Active,Great Ever Top One,Coffee Cherry,25,10,850
5401111002,Coffee Cherry 3 in 1 instant brew coffee 20g 20pcs (1x35bags),Active,Great Ever Top One,Coffee Cherry,35,10,850
5101111001,Zann Sunflower Seeds Salty 60g (1x150pcs),Active,Royal Fantastic,Zann,150,9,850
5101111002,Zann Sunflower Seeds Salty 110g (1x90pcs),Active,Royal Fantastic,Zann,90,10,850
5301111001,Aurora Preserved Damson Red (1x5x120),Active,Aurora,Aurora Preserved Fruits,600,23,850
5301111002,Aurora Preserved Peach Sweet (1x5x120),Active,Aurora,Aurora Preserved Fruits,600,23,850
5301111003,Aurora Preserved Lemon Sweet (1x5x120),Active,Aurora,Aurora Preserved Fruits,600,23,850
5301111004,Aurora Preserved Damson Salad (1x5x140),Active,Aurora,Aurora Preserved Fruits,700,25,850
5301111005,Aurora Preserved Damson Hot&Spicy Wet (1x5x140),Active,Aurora,Aurora Preserved Fruits,700,22,850
5301111006,Aurora Preserved Mixed Fruits Wet (1x5x140),Active,Aurora,Aurora Preserved Fruits,700,22,850
3502111002,P1 Choco Milk Popcorn 30g (1x60),Active,Trine,P1,60,2.4,850
5001111001,May Kha Lar Preserved 5 in 1 Sweet 45g (1x5x50pack),Active,CMP Fruits Garden,May Kha Lar,250,11,850
5001111002,May Kha Lar Preserved Marian Spicy 40g (1x5x70pack),Active,CMP Fruits Garden,May Kha Lar,350,14,850
5001111003,May Kha Lar Preserved Mango Slices Spicy 40g (1x5x70pack),Active,CMP Fruits Garden,May Kha Lar,350,14,850
5001111004,May Kha Lar Preserved Plum Seedless Sweet 65g (1x5x40pack),Active,CMP Fruits Garden,May Kha Lar,200,13,850
5001111005,May Kha Lar Preserved Plum Seedless Spicy 65g (1x5x40pack),Active,CMP Fruits Garden,May Kha Lar,200,13,850
0203112010,Glucerna Powder (Vanilla) 380g (1x24Pcs),Active,Abbott,Glucerna,24,12.4,850
0203112011,Glucerna Powder (Vanilla) 800g (1x12Pcs),Active,Abbott,Glucerna,12,12.24,850
0201112025,Ensure Gold Vanilla 380gm (1x24Pcs),Active,Abbott,Ensure,24,12.4,850
0201112026,Ensure Gold Vanilla 800gm (1x12Pcs),Active,Abbott,Ensure,12,12.24,850
4901111001,Danuphyu Daw Saw Yee Balachaung Streamer - 25g 10's ( 1x 20 streamers),Active,Danuphyu Daw Saw Yee,Danuphyu Daw Saw Yee,20,5,850
4901111002,Danuphyu Daw Saw Yee Pounded Fish Paste Streamer- 25g 10's ( 1x 20 streamers),Active,Danuphyu Daw Saw Yee,Danuphyu Daw Saw Yee,20,5,850
4901112003,Danuphyu Daw Saw Yee Balachaung 500g Pack ( 1 x 10 packs),Active,Danuphyu Daw Saw Yee,Danuphyu Daw Saw Yee,10,5,850
4901112004,Danuphyu Daw Saw Yee Pounded Fish Paste 500g Pack (1 x10 packs),Active,Danuphyu Daw Saw Yee,Danuphyu Daw Saw Yee,10,5,850
3102211014,O'Ma Ma Coconut Bun 55g (1x1pcs),Active,O'Ma Ma,O'MaMa,1,0.06,850
3102211015,O'Ma Ma Chili Chicken Floss 55g (1x1pcs),Active,O'Ma Ma,O'MaMa,1,0.06,850
4801111001,Pai Cheese Ring 10g (10pcsx20packs),Active,Htoo Kaung Myat,Pai Snack,200,2,1000
4801111002,Pai Cheese Ball 10g (10pcsx20packs),Active,Htoo Kaung Myat,Pai Snack,200,2,1000
4500000001,Excel Care Dish Washing Liquid Lime 480ml FOC,Active,Glamdust,Excel Care,1,14.39,850
4500000002,Excel Care Dish Washing Liquid Lemon 480ml FOC,Active,Glamdust,Excel Care,1,12.96,850
4500000003,Excel Care Dish Washing Liquid Lemon 1Liter FOC,Active,Glamdust,Excel Care,1,0,850
3202121001,May Yee Mon pickled tea and fried bean Spicy&Sour 50g (1x5x20),Active,Ya Thar Taw Win,May Yee Mon,100,5,850
3202121002,May Yee Mon pickled tea and fried bean Original 50g (1x5x20),Active,Ya Thar Taw Win,May Yee Mon,100,5,850
3102211011,O'MAMA Strawberry Cream Bun 55G (1x1pcs),Active,O'Ma Ma,O'MaMa,1,0.06,850
3102211012,O'MAMA Chocolate Bun 55G (1x1pcs),Active,O'Ma Ma,O'MaMa,1,0.06,850
3102211013,O'MaMa Danish Blueberry 55g (1x1pcs),Active,O'Ma Ma,O'MaMa,1,0.06,850
4700000001,Sam Par Oo Purify Drinking Water 1LT (FOC),Active,Vitaspring,Sam Par Oo,1,6.18,850
4700000002,Sam Par Oo Purify Drinking Water 550ML (FOC),Active,Vitaspring,Sam Par Oo,1,6.99,850
4700000003,Sam Par Oo Purify Drinking Water 300ML (FOC),Active,Vitaspring,Sam Par Oo,1,3.68,850
4700000004,Mingalarpar Purify Drinking Water 1LT (FOC),Active,Vitaspring,Mingalarpar,1,6.18,850
4701111001,Sam Par Oo Purify Drinking Water 6p 1LT,Active,Vitaspring,Sam Par Oo,1,6.18,850
4701111002,Sam Par Oo Purify Drinking Water 12p 550ML,Active,Vitaspring,Sam Par Oo,1,6.99,850
4701111003,Sam Par Oo Purify Drinking Water 12p 300ML,Active,Vitaspring,Sam Par Oo,1,3.68,850
4702111001,Mingalarpar Purify Drinking Water 6p 1LT,Active,Vitaspring,Mingalarpar,1,6.18,850
4300000001,Nagar Pyan 3in1 Tea mix 30's 200g(1x32) - FOC,Active,Nagar Pyan,Nagar Pyan,1,4,850
4601311002,Vita Health Flaxseed Oil (3x10capx158),Active,Vita Health,Vita Health,158,6.8,850
4601311003,Vita Health Fish Oil (3x10capx158),Active,Vita Health,Vita Health,158,6.8,850
4601311004,Vita Health Almond Oil (3x10capx158),Active,Vita Health,Vita Health,158,6.5,850
4601311005,Vita Health Co-Enzyme Q10 (10x10capx100),Active,Vita Health,Vita Health,100,6.5,850
4501111002,Excel Care Dish Washing Liquid Lemon 480ml  (1x24),Active,Glamdust,Excel Care,24,12.96,850
4501111003,Excel Care Dish Washing Liquid Lemon 5liter  (1x4),Active,Glamdust,Excel Care,4,20.44,850
4501111004,Excel Care Dish Washing Liquid Lemon 2Liter (1x8),Active,Glamdust,Excel Care,8,18.39,850
4501111005,Excel Care Dish Washing Liquid Lemon 1Liter (1x12),Active,Glamdust,Excel Care,12,14.39,850
4601111001,Vita Health OraZinc 100 Tab (1x220),Active,Vita Health,Vita Health,220,8,850
4601112001,Vita Health MV Ener-G (3x10capx72),Active,Vita Health,Vita Health,72,6.8,850
4601212001,Vita Health MV Ener-G Kids Syrup 200ml (1x25),Active,Vita Health,Vita Health,25,8,850
4601311001,Vita Health Garlic Oil (3x10capx158),Active,Vita Health,Vita Health,158,6.9,850
4501111001,Excel Care Dish Washing Liquid Lime 480ml (1x24),Active,Glamdust,Excel Care,24,14.39,850
4401111001,Pyar Dee Butter Cake Rusk 35g (1x60),Active,Pyar Dee,Pyar Dee,60,2.1,850
4301111001,Nagar Pyan 3in1 Tea mix 30's 200g(1x32),Active,Nagar Pyan,Nagar Pyan,32,21,850
4301111002,Nagar Pyan 3in1 Tea mix 10's 200g(1x30),Active,Nagar Pyan,Nagar Pyan,30,6.75,850
4001111004,Moshi Potato Chips Original 38g (1x10x12pcs),Active,Honesty,Moshi,120,4.68,1000
4001111005,Moshi Potato Chips Spicy 38g (1x10x12pcs),Active,Honesty,Moshi,120,4.68,1000
3701111003,Kyu Kyu Hmwe Fish Sauce Salty 900ml (1x12),Active,Kyu Kyu Hmwe,Kyu Kyu Hmwe,12,12,850
4000000001,Moshi Potato Chips BBQ Spicy 65g 3's (1x20pack),Active,Honesty,Moshi,20,4,1000
4000000002,Moshi Potato Chips BBQ Prawn 65g 3's (1x20pack),Active,Honesty,Moshi,20,4,1000
3102211005,O'MaMa Cheese Pudding Bun with Filling 55g (1x1pcs),Active,O'Ma Ma,O'MaMa,1,0.06,850
3102211006,O'MaMa Danish Strawberry 55g (1x1pcs),Active,O'Ma Ma,O'MaMa,1,0.06,850
3102211009,O'MaMa Milk Toast Slice Bread 315g (1x1pcs),Active,O'Ma Ma,O'MaMa,1,0.32,850
3102211010,O'MaMa Sandwich Bread 200g (1x1pcs),Active,O'Ma Ma,O'MaMa,1,0.2,850
0203112008,Glucerna Powder (Vanilla) 400g (1x24Pcs),Active,Abbott,Glucerna,24,9.6,850
0203112009,Glucerna Powder (Vanilla) 850g (1x12Pcs),Active,Abbott,Glucerna,12,10.2,850
3102111004,O'MaMa Mixed Fruit Cake Rusk 65g (1x72),Active,O'Ma Ma,O'MaMa,72,4.7,850
0200000180,Ensure Gold (Vanilla) Gift Pack (400g x 2 pcs),Active,Abbott,Ensure,6,6.65,850
0200000178,Pediasure 3+ Vanilla 850g with Mini Peptides Can Top Sticker (1x12pcs),Active,Abbott,Pediasure,12,12.8,850
0300000071,BBN 1.5oz Bundle Pack (1x12x4),Active,Suntory Beverage,BBN,4,6.24,850
0201112024,Ensure Non-HMB Vanilla 400gm (1x24Pcs),Active,Abbott,Ensure,24,12.49,850
3102211001,O'MaMa Cheese Custard Solo pack 55g (1x1pcs),Active,O'Ma Ma,O'MaMa,1,0.06,850
3102211002,O'MaMa Cheese Mayo Solo pack 55g (1x1pcs),Active,O'Ma Ma,O'MaMa,1,0.06,850
3401121002,Maymyo Fresh Nature Blend Coffee 100g (1x100Pack),Active,MayMyo Fresh Coffee,Maymyo Fresh,100,11,850
3401121003,Maymyo Fresh Nature Blend Coffee 200g (1x60Pack),Active,MayMyo Fresh Coffee,Maymyo Fresh,60,14,850
3401211001,Maymyo Burmese Milk Tea 10's (1x30Pack),Active,MayMyo Fresh Coffee,Maymyo Fresh,30,12,850
0208111017,Similac Follow On PRODI-G and 5HMOs 850g (1x12pcs),Active,Abbott,Similac,12,12.76,850
0208121015,Similac Infant PRODI-G and 5 HMOs 400g(1x24 pcs),Active,Abbott,Similac,24,12.63,850
0208121016,Similac Infant PRODI-G and 5 HMOs 850g(1x12pcs),Active,Abbott,Similac,12,12.76,850
0206123004,Pediasure 3+ Vanilla 850g  with Mini Peptides (1x12pcs),Active,Abbott,Pediasure,12,12.8,850
0206123006,Pediasure 3+ Vanilla 48.6g sachet   with Mini Peptides (1x100pcs),Active,Abbott,Pediasure,100,6.32,850
0206123007,Pediasure 3+ Strawberry  48.6g sachet   with Mini Peptides (1x100pcs),Active,Abbott,Pediasure,100,6.32,850
0206123001,Pediasure 1+ Vanilla 400g  with Mini Peptides (1x24pcs),Active,Abbott,Pediasure,24,10,850
0206123003,Pediasure 3+ Vanilla 400g  with Mini Peptides (1x24pcs),Active,Abbott,Pediasure,24,10,850
4101111001,Sardines in Tomato Sauce 155g (1x100),Active,Yummee,Yummee,100,15.5,850
3202111001,May Yee Mon Rakhine Fish Paste 50g (1x5x20packs),Active,Ya Thar Taw Win,May Yee Mon,100,5,850
3202111002,May Yee Mon Marine Fish Paste 50g (1x5x20packs),Active,Ya Thar Taw Win,May Yee Mon,100,5,850
3202111003,May Yee Mon Fish Sauce 50g (1x5x20packs),Active,Ya Thar Taw Win,May Yee Mon,100,5,850
4001111003,Moshi Potato Chips BBQ Prawn 65g (1x60pcs),Active,Honesty,Moshi,60,4,1000
4001111001,Moshi Potato Chips BBQ Spicy 65g (1x60pcs),Active,Honesty,Moshi,60,4,1000
4001111002,Moshi Potato Chips BBQ Original 65g (1x60pcs),Active,Honesty,Moshi,60,4,1000
3801111001,Wasuka Crepes Choco Banana Flavored 50g(1x60),Active,Win Food,Wasuka,60,3.5,850
3801111003,Wasuka Crepes Orange Flavored 50g(1x60),Active,Win Food,Wasuka,60,3.5,850
3701111001,Kyu Kyu Hmwe Fish Sauce 850ml (1x12),Active,Kyu Kyu Hmwe,Kyu Kyu Hmwe,12,12,850
1222401006,Sim Card WCDMA (Blank SIM-Promotion Card),Active,MPT,Sim,1,0,850
0211111001,Nepro Low Protein 400g (1 x 24pcs),Active,Abbott,Nepro,24,13.5,850
0211111002,Nepro High Protein 400g (1 x 24pcs),Active,Abbott,Nepro,24,13.5,850
3501111001,Mobicorn Premium Popcorn Crunchy Caramel 75g (1x100),Active,Trine,Mobicorn,100,9.2,850
3501111002,Mobicorn Premium Popcorn Choco Crunch 75g (1x100),Active,Trine,Mobicorn,100,9.2,850
3501111003,Mobicorn Premium Popcorn cheesy Kraze 75g (1x100),Active,Trine,Mobicorn,100,9.2,850
3501111004,Mobicorn Premium Popcorn Nutty Delight 75g (1x100),Active,Trine,Mobicorn,100,9.2,850
3502111001,P1 Cheesy Pearl Popcorn 30g (1x60),Active,Trine,P1,60,2.5,850
3102111001,O'MaMa Butter Cake Rusk 150g (1x40),Active,O'Ma Ma,O'MaMa,40,7.9,850
3102111002,O'MaMa Cheese Cake Rusk 150g (1x40),Active,O'Ma Ma,O'MaMa,40,7.9,850
3102111003,O'MaMa Chocolate Cake Rusk 150g (1x40),Active,O'Ma Ma,O'MaMa,40,7.9,850
2802311001,Nature's Way Adult Complete Multivitamin  200 Tablets (1x12pcs),Active,Pharma Care,Nature's Way,12,2.87,850
2802321001,Nature's Way Adult Fish Oil 1000mg 200 Soft Capsules (1x12pcs),Active,Pharma Care,Nature's Way,12,4.43,850
3401111001,Maymyo Fresh Classic 20's 500g (1x50Pack),Active,MayMyo Fresh Coffee,Maymyo Fresh,50,29.55,850
3401111002,Maymyo Fresh Classic 5's 120g (1x200Pack),Active,MayMyo Fresh Coffee,Maymyo Fresh,200,28.88,850
3401111003,Maymyo Fresh Classic Plus 10's 260g (1x60Pack),Active,MayMyo Fresh Coffee,Maymyo Fresh,60,18.5,850
3401111004,Maymyo Fresh Brown 20's 500g (1x50Pack),Active,MayMyo Fresh Coffee,Maymyo Fresh,50,29.55,850
3401111005,Maymyo Fresh Brown 5's 120g (1x200Pack),Active,MayMyo Fresh Coffee,Maymyo Fresh,200,29,850
3305111001,Quaker Instant Oatmeal  400g (1x24),Active,Pepsico,QUAKER OAT,24,10.24,850
3305111002,Quaker Instant Oatmeal  800g (1x12),Active,Pepsico,QUAKER OAT,12,10.24,850
3305111004,Quaker Quick Cook Oatmeal  800g (1x12),Active,Pepsico,QUAKER OAT,12,10.24,850
3305112001,Quaker Instant Oatmeal 1kg (1x12),Active,Pepsico,QUAKER OAT,12,12.35,850
3001111002,Clorox Liquid Bleach Original 1L (1x12Pcs),Active,Clorox,Clorox,12,14.5,850
0200000139,Similac Total Comfort Stage 3 (ML) 820gm with Can top Sticker (1x12pcs),Active,Abbott,Similac,12,12.36,850
0301181001,Brand's Berry Essence Concentrate (1X72),Active,Suntory Beverage,BBE,72,10.4,850
0301181002,Brand's Prune Essence Concentrate (1X72),Active,Suntory Beverage,BPE,72,10.4,850
2301111007,Gullon Sugar Free Cookie Choco Chip 125g (1x12),Active,Gullon,Gullon,12,1.8,850
2301112001,Gullon Sugar Free Wafer Vanilla 3'S 180g (1x12),Active,Gullon,Gullon,12,2.45,850
0301122011,BEC Junior Chocolate 1.5oz (1x72Pcs),Active,Suntory Beverage,BEC,72,9.13,850
0100000213,Oral B Shiny Clean 35 Soft BCd On Pack (1x6Pcs),Active,P&G,Oral-B,16,2.05,850
0701104019,NONG SHIM Shin Kimchi Ramyun Noodle 120g (1x40),Active,Nong Shim,NONG SHIM,40,5.65,850
2301111001,Gullon Sugar Free Fibre Biscuits 170g (1x16),Active,Gullon,Gullon,16,2.91,850
2301111002,Gullon Sugar Free Digestive Biscuits (Cookies) 400g (1x15),Active,Gullon,Gullon,15,6.74,850
2301111003,Gullon Digestive Classics Biscuits 400g (1x20),Active,Gullon,Gullon,20,8.35,850
2301111004,Gullon Cuor Di Cereale Chocolate Biscuits 280g (1x16),Active,Gullon,Gullon,16,4.72,850
0300000057,Brand’s Prune 1.5oz Price Off Promotion (1x6pcs),Active,Suntory Beverage,BPE,12,10.4,850
0300000058,Brand’s Berry 1.5oz Price Off Promotion (1x6pcs),Active,Suntory Beverage,BBE,12,10.4,850
0301112009,BNSF Collagen 1.5oz (1x48),Active,Suntory Beverage,BBN,48,6.9,850
2201111001,Dr Care Disinfectant Liquid 750ml (1x12),Active,Dr.Care,Dr Care,12,10.53,850
0106122013,Head & Shoulders-12ml (Menthol)(1x42Dz),Active,P&G,Head&Shoulder,42,7.22,850
0701104018,NONG SHIM Shin Red Super Spicy Noodle 120g (1x20),Active,Nong Shim,NONG SHIM,20,2.88,850
0106122011,Head & Shoulders-12ml (Silky Smooth) (1x36Dz),Active,P&G,Head&Shoulder,36,6.25,850
0201112017,Ensure Gold Strawberry 400gm (1x24Pcs),Active,Abbott,Ensure,24,12.58,850
0201112018,Ensure Gold Strawberry 850gm (1x12Pcs),Active,Abbott,Ensure,12,12.95,850
1900000001,Equal Classic 50`S 50g with 10`S FOC (Promo Pack) (1x12),Active,Merisant,Equal,12,6.85,850
1900000002,Equal Classic 100`S 100g with 20`S FOC (Promo Pack) (1x36),Active,Merisant,Equal,36,1.33,850
1222401005,Sim Card WCDMA (Beautiful Number SIM Card),Active,MPT,Sim,1,0,850
0200000113,Ensure Gold Wheat 400gm with Can Top Sticker (1x24Pcs),Active,Abbott,Ensure,24,12.95,850
0200000114,Ensure Gold Wheat 850gm with Can Top Sticker (1x12Pcs),Active,Abbott,Ensure,12,12.95,850
0101121009,Ambi Pur Aerosol Blue Ocean 300ml (1x6Pcs),Active,P&G,Ambi Pur,6,1.67,850
0101121012,Ambi Pur Aerosol Lavender Breeze 300ml (1x6Pcs),Active,P&G,Ambi Pur,6,1.67,850
0101122004,Ambi Pur GEL Fresh Relaxing Lavender 180g (1x12Pcs),Active,P&G,Ambi Pur,12,2.96,850
0101122005,Ambi Pur GEL Fresh Refreshing Lemon 180g (1x12Pcs),Active,P&G,Ambi Pur,12,2.96,850
0110122005,Pantene 10ml-(Hair Fall Control)(1x40Dz),Active,P&G,Pantene,40,5.92,850
0113111003,Whisper Heavy Flow -16's(1x12Pcs),Active,P&G,Whispers,12,2.2,850
0113112007,Whisper Regular Flow Wing -20's(1x12Pcs),Active,P&G,Whispers,12,2.36,850
0200000037,Similac Gain IQ PRODI-G and 5HMOs 400gm with Can Top Sticker (1x24Pcs),Active,Abbott,Similac,24,12.98,850
0200000040,Glucerna Powder with 4xInositol (Vanilla) 850g with Can Top Sticker (1x12Pcs),Active,Abbott,Glucerna,12,12.95,850
0200000087,Similac Gain IQ PRODI-G and 5HMOs 850gm with Can Top Sticker (1x12Pcs),Active,Abbott,Similac,12,14.2,850
0200000090,Similac Mum Eye-Q(IQ) Vanilla 400g with Can Top Sticker (1x24Pcs),Active,Abbott,Similac,24,10,850
0201112013,Ensure Gold Vanilla 400gm (1x24Pcs),Active,Abbott,Ensure,24,12.58,850
0201112015,Ensure Gold (Wheat) 400gm (1x24Pcs),Active,Abbott,Ensure,24,12.58,850
0201112016,Ensure Gold (Wheat) 850gm (1x12Pcs),Active,Abbott,Ensure,12,12.95,850
0201113005,Ensure Gold Vanilla Sachet 60.6gm (1x100Pcs),Active,Abbott,Ensure,100,6.33,850
0203112005,Glucerna Powder Triple Care (Vanilla) 400gm (Thai Label) (1x24Pcs),Active,Abbott,Glucerna,24,12.5,850
0208131004,Similac Mum Eye-Q(IQ) Strawberry Yoghurt 400g (1x24Pcs),Active,Abbott,Similac,24,10,850
0208141003,Similac Neosure HMO 850gm (1x12Pcs),Active,Abbott,Similac,12,13,850
0208211001,Similac Baby Changing Mat - Black Fabric(1x50Pcs),Active,Abbott,FOC,50,0,850
0208211002,Similac Baby Changing Mat - Green Fabric(1x50Pcs),Active,Abbott,FOC,50,12.71,850
0207112001,Prosure Orange  380gm (1x24),Active,Abbott,Prosure,24,12.16,850
0105111001,Gillette MACH 3 Cart 4's Blade(1x72pcs),Active,P&G,Gillette,72,2.45,850
0105111011,Gillette MACH 3 Cart 2's Blade(1x72pcs),Active,P&G,Gillette,72,2.17,850
0105111012,Gillette Fusion Cart 2s(1x40Pcs),Active,P&G,Gillette,40,19.34,850
0105112001,Gillette Blue II Plus dis  2 sent(1 x240Pcs),Active,P&G,Gillette,240,5.89,850
0105112002,Gillette Blue II Plus dis  5 sent(1 x144Pcs),Active,P&G,Gillette,144,8.73,850
0105112004,Gillette Super Thin 2 dis 24 Fxd Blade(1x288pcs),Active,P&G,Gillette,288,2.95,850
0105113001,Gillette Super Click Razor(1x144pcs),Active,P&G,Gillette,144,2.84,850
0105113002,Gillette Super Thin Blade 5+1(1x1000Pcs),Active,P&G,Gillette,"1,000",7.48,850
0105114002,Gillette MACH 3  Turbo 1 Up(1x30pcs),Active,P&G,Gillette,30,2.02,850
0105114004,Gillette Vector Plus 1 Up (1x144Pcs),Active,P&G,Gillette,144,5.73,850
0105114007,Gillette Fusion Manual Razor(1x16Pcs),Active,P&G,Gillette,16,2.08,850
0107112019,Olay Total Effects UV Normal Cream SPF-15  50g (1X6),Active,P&G,Olay,6,0.8,850
0107112031,Olay Natural White Light Night Shine 50g (1X24),Active,P&G,Olay,24,2.8,850
0107112034,Olay Natural White Light 50g (1X24),Active,P&G,Olay,24,3.18,850
0106121056,Head & Shoulder-300ml (Silky Smooth)(1x12Pcs),Active,P&G,Head&Shoulder,12,4.9,850
0106121058,Head & Shoulder-300ml (Menthol)(1x12Pcs),Active,P&G,Head&Shoulder,12,4.9,850
0107114003,Olay Regenerist Serum  50ml (1X6),Active,P&G,Olay,6,0.65,850
0107114006,Olay Regenerist Micro-Sculpting Serum 50ml(1x6Pcs),Active,P&G,Olay,6,0.65,850
0107114009,Olay Total Effects Serum 50ml (1x6),Active,P&G,Olay,6,6.5,850
0108120043,Oral B Multi Brush set(1x24Pcs),Active,P&G,Oral-B,24,1.01,850
0108211001,Oral B All Rounder MICROTHIN CLN 40XS AS(1x96Pcs),Active,P&G,Oral-B,96,2.53,850
0108211003,Oral B Classic 40 Soft TB(1x96Pcs),Active,P&G,Oral-B,96,2.26,850
0108211007,Oral B Complete Easy Clean 40 Medium BCd(1x96Pcs),Active,P&G,Oral-B,96,2.53,850
0108211012,Oral B Cross ProHlth Clinic Soft BCd(1x96Pcs),Active,P&G,Oral-B,96,3.19,850
0108211013,Oral B Cross ProHlth Clinic Soft 3 BCd(1x96Pcs),Active,P&G,Oral-B,96,8.61,850
0108211014,Oral B Cross Action ProHlth 7 Soft BCd(1x96Pcs),Active,P&G,Oral-B,96,2.67,850
0108211015,Oral B Cross Action ProHlth 7 Soft 3 BCd(1x96Pcs),Active,P&G,Oral-B,96,7.06,850
0108211016,Oral B Interdental Kit BCd(1x24Pcs),Active,P&G,Oral-B,24,0.67,850
0108211017,Oral B Stage 8 Yrs+ Soft BCd(1x96Pcs),Active,P&G,Oral-B,96,3.23,850
0108211019,Oral B Stage 2-4 Yrs Mickey/Minnie Soft BCd(1x96Pcs),Active,P&G,Oral-B,96,2.2,850
0108211020,Oral B Stage 4-24 Mth Disney Baby Soft BCd(1x96Pcs),Active,P&G,Oral-B,96,2.2,850
0108211021,Oral B Shiny Clean 35 Soft BCd(1x96Pcs),Active,P&G,Oral-B,96,2.05,850
0108211022,Oral B Ultra Thin Black Tea Soft BCd(1x96Pcs),Active,P&G,Oral-B,96,3.17,850
0108211023,Oral B Ultra Thin Black Tea Soft 3 BCd(1x96Pcs),Active,P&G,Oral-B,96,7.85,850
0108211024,Oral B Ultra Thin Pro Deep Clean Soft BCd(1x96Pcs),Active,P&G,Oral-B,96,3.17,850
0108211025,Oral B Ultra Thin Pro Deep Clean Soft 3 BCd(1x96Pcs),Active,P&G,Oral-B,96,7.85,850
0108211026,Oral B Ultra Thin Green Tea Soft BCd(1x96Pcs),Active,P&G,Oral-B,96,3.17,850
0108211027,Oral B Ultra Thin Green Tea Soft 3 BCd(1x96Pcs),Active,P&G,Oral-B,96,7.86,850
0108311001,Oral B Power Refill Precision Clean 2s(1x24Pcs),Active,P&G,Oral-B,24,0.97,850
0108311002,Oral B Power Pro 500 Power Handle(1x6Pcs),Active,P&G,Oral-B,6,2.14,850
0108311004,Oral B Power Refill Cross Action 2s(1x24Pcs),Active,P&G,Oral-B,24,1,850
0301122003,BEC1.5oz(1x72),Active,Suntory Beverage,BEC,72,9.64,850
0301122005,BEC2.5oz(1x72),Active,Suntory Beverage,BEC,72,12.86,850
0301112003,BBN1.5oz(1x48),Active,Suntory Beverage,BBN,48,6.24,850
0301112004,BNSF 1.5 oz (1x48Pcs),Active,Suntory Beverage,BBN,48,6.24,850
0301112005,BBN2.5oz(1x48),Active,Suntory Beverage,BBN,48,8.51,850
0301112006,BNSF 2.5 oz (1x48Pcs),Active,Suntory Beverage,BBN,48,8.51,850
0502111003,Nescafe Gold Blend 200g (8x200g),Active,Nestrade,Nescafe Gold,8,5.37,850
0701104007,NONG SHIM Shin Ramyun Hot  Spicy Noodle 120g (1x40),Active,Nong Shim,NONG SHIM,40,5.83,850
0701104010,NONG SHIM Neoguri Seafood Spicy Noodle 120g (1x20),Active,Nong Shim,NONG SHIM,20,2.87,850
0701104013,NONG SHIM Chapaghetti Noodle 140g (1x40),Active,Nong Shim,NONG SHIM,40,6.25,850
0701104014,NONG SHIM Chapaghetti Spicy Noodle 137g (1x40),Active,Nong Shim,NONG SHIM,40,6.15,850
1221102001,Active GSM E-Top Up,Active,MPT,Top-up,1,0,850
1222401001,Active WCDMA SimCard,Active,MPT,Sim,1,0,850
1222401002,Sim Card WCDMA (Blank SIM),Active,MPT,Sim,1,0,850
1222401004,Sim Card WCDMA (Blank SIM-Lost and Damage Card),Active,MPT,Sim,1,0,850
1211101001,Empty GSM TP 5000,Active,MPT,Top-up,1,0,850
1211101002,Empty GSM TP 10000,Active,MPT,Top-up,1,0,850
1211101003,Empty GSM TP 1000,Active,MPT,Top-up,1,0,850
1211101004,Empty GSM TP 3000,Active,MPT,Top-up,1,0,850
1211201001,Empty CDMA-800 TP 5000,Active,MPT,Top-up,1,0,850
1211201002,Empty CDMA-800 TP 10000,Active,MPT,Top-up,1,0,850
1211301001,Empty CDMA-450 TP 5000,Active,MPT,Top-up,1,0,850
1211301002,Empty CDMA-450 TP 10000,Active,MPT,Top-up,1,0,850
1221101001,Active GSM TP 5000,Active,MPT,Top-up,1,0,850
1221101002,Active GSM TP 10000,Active,MPT,Top-up,1,0,850
1221101004,Active GSM TP 3000,Active,MPT,Top-up,1,0,850
1221101006,Active GSM TP 1000 (QR),Active,MPT,Top-up,1,0,850
1103213009,Oreo Sandwich Cookies Chocolate Cream-119.6gm (1x24Pcs),Active,MDLZ,Oreo,24,3.67,850
1103213014,Oreo Sandwich Cookies Vanilla Cream-27.6gm (1x9x12Packs),Active,MDLZ,Oreo,12,3.94,850
1103213017,Oreo Sandwich Cookies Chocolate Cream-26.25gm (12x12Packs),Active,MDLZ,Oreo,12,4.8,850
1103213018,Oreo Sandwich Cookies Vanilla Cream-26.25gm (12x12Packs),Active,MDLZ,Oreo,12,4.8,850
0801111011,Philips Tornado Cool daylight 24W E27 220-240V(1x12Pcs),Active,Philips,Philips,12,1.5,850
0801111012,Philips Tornado Warm White 24W E27 220-240V Energy Saver(1x12Pcs),Active,Philips,Philips,12,1.5,850
0801111026,Philips Tornado Cool daylight 24W B22 220-240V(1x12Pcs),Active,Philips,Philips,12,1.48,850
0801112002,Philips Brightboost Super 80 Tubelight TL-D 36W/865(1x25Pcs),Active,Philips,Philips,25,4.65,850
0801112004,Philips Lifemax Tubelight TL-D 36W/54-765(1x25Pcs),Active,Philips,Philips,25,4.65,850
0801112007,Philips Brightboost Super 80 Tubelight TL-D 36W/840(1x25Pcs),Active,Philips,Philips,25,4.6,850
0801114001,Philips Essential Cool Daylight TCH086 TL5-28W/865(1x24pcs),Active,Philips,Philips,24,8.47,850
1901111001,Equal Classic 15`S 15g (1x36),Active,Merisant,Equal,36,0.98,850
1901111002,Equal Classic 25`S 25g (1x36),Active,Merisant,Equal,36,2.91,850
1901111003,Equal Classic 50`S 50g (1x12),Active,Merisant,Equal,12,1.01,850
1901111004,Equal Classic 100`S 100g (1x36),Active,Merisant,Equal,36,6.03,850
1901311001,Equal Gold 50`S 40G(1x12),Active,Merisant,Equal,12,1.01,850
1901311002,Equal Gold 150g (Sugarly) (1x12),Active,Merisant,Equal,12,2.36,850
1901411002,Equal Stevia 40`S 80g (1x6),Active,Merisant,Equal,6,0.8,850
1901411003,Equal Stevia 100`S 200g (1x12),Active,Merisant,Equal,12,3.3,850
2001111001,1 Stop E Money,Active,1 Stop,Top-up,1,0,850
2101111002,Healthy Chef Soybean 1L (1x12),Active,TVO,Healthy Chef,12,11.9,850
2101111005,Healthy Chef Sunflower 1L (1x12),Active,TVO,Healthy Chef,12,12.1,850
